<?xml version="1.0" encoding="UTF-8"?>
<!DOCTYPE mapper PUBLIC "-//mybatis.org//DTD Mapper 3.0//EN" "http://mybatis.org/dtd/mybatis-3-mapper.dtd">
<mapper namespace="egovframework.example.sample.service.BoardMapper">
	<select id="selectBoardList" resultType="egovframework.example.sample.vo.BoardVo">
		SELECT * FROM CMS.BOARD
			<where>
				<if test="category != null and category != ''">
					AND category = #{category}
				</if>
				<if test="searchType =='all' and searchKeyword != null and searchKeyword != ''">
					AND (NAME like CONCAT('%',#{searchKeyword},'%')
					OR DESCRIPTION like CONCAT('%',#{searchKeyword},'%')
					OR REG_USER like CONCAT('%',#{searchKeyword},'%'))
				</if>
				<if test="searchType =='name' and searchKeyword != null and searchKeyword != ''">
					AND NAME like CONCAT('%',#{searchKeyword},'%')
				</if>
				<if test="searchType =='description' and searchKeyword != null and searchKeyword != ''">
					AND DESCRIPTION like CONCAT('%',#{searchKeyword},'%')
				</if>
				<if test="searchType =='reg_user' and searchKeyword != null and searchKeyword != ''">
					 AND REG_USER like CONCAT('%',#{searchKeyword},'%')
				</if>
			</where>
		
		ORDER BY ID DESC
		limit #{skip}, #{showCnt}
	</select>
	
	<select id="countBoard" resultType="Integer">
		SELECT count(*) as listCnt
		FROM CMS.BOARD
			<where>
				<if test="category != null and category != ''">
					AND category = #{category}
				</if>
				<if test="searchType =='name' and searchKeyword != null and searchKeyword != ''">
					AND NAME like CONCAT('%',#{searchKeyword},'%')
				</if>
				<if test="searchType =='description' and searchKeyword != null and searchKeyword != ''">
					AND DESCRIPTION like CONCAT('%',#{searchKeyword},'%')
				</if>
				<if test="searchType =='reg_user' and searchKeyword != null and searchKeyword != ''">
					 AND REG_USER like CONCAT('%',#{searchKeyword},'%')
				</if>
			</where>
	</select>
	
	<select id="selectBoard" resultType="egovframework.example.sample.vo.BoardVo">
		SELECT * FROM CMS.BOARD
			 <where>
			 	<if test="id != null and id != 0"> AND id= #{id}</if>
			 	<if test="name != null and name != ''"> AND name= #{name}</if>
			 </where>
	</select>
	<insert id="createBoard" parameterType="egovframework.example.sample.vo.BoardVo">
		INSERT INTO CMS.BOARD(
				NAME
				, DESCRIPTION
				, CATEGORY
				<if test="fileId != null and fileId != '' and fileName != null and fileName != ''">
				, FILEID
				, FILENAME
				</if>
				, REG_USER )
			VALUES(
				#{name}
				, #{description}
				, #{category}
				<if test="fileId != null and fileId != '' and fileName != null and fileName != ''">
				, #{fileId}
				, #{fileName}
				</if>
				, #{reg_user} )
	</insert>
	<update id="updateBoard" parameterType="egovframework.example.sample.vo.BoardVo">
		UPDATE CMS.BOARD SET NAME = #{name}, DESCRIPTION = #{description}
		<if test="fileId != null and fileId != '' and fileName != null and fileName != ''">
				, FILEID = #{fileId}
				, FILENAME = #{fileName}
		</if>
		WHERE id = #{id}
	</update>
	<delete id="deleteBoard" parameterType="egovframework.example.sample.vo.BoardVo">
		DELETE FROM CMS.BOARD
			WHERE id = #{id};
<!-- 		<if test="fileId != null and fileId != ''">
			DELETE FROM CMS.FILE
				WHERE id =#{fileId};
		</if> -->
	</delete> 
</mapper>