<?xml version="1.0" encoding="UTF-8"?>
<!DOCTYPE mapper PUBLIC "-//mybatis.org//DTD Mapper 3.0//EN" "http://mybatis.org/dtd/mybatis-3-mapper.dtd">
<mapper namespace="egovframework.example.sample.service.CategoryMapper">
	<select id="selectCategoryList" resultType="egovframework.example.sample.vo.CategoryVo">
		SELECT * FROM CMS.CATEGORY
		ORDER BY ID ASC
	</select>
	<select id="selectCategory" resultType="egovframework.example.sample.vo.CategoryVo">
		SELECT * FROM CMS.CATEGORY
			 <where>
			 	<if test="id != null and id != 0">id= #{id}</if>
			 	<if test="name != null and name != ''">name= #{name}</if>
			 </where>
	</select>
	<insert id="createCategory" parameterType="egovframework.example.sample.vo.CategoryVo">
		INSERT INTO CMS.CATEGORY(NAME
					, DESCRIPTION
					, TYPE
					, FILE_YN
					<if test="parent_id != 0 and parent_id != null">
					, PARENT_ID
					</if>)
					VALUES(#{name}
					, #{description}
					, #{type}
					, #{file_yn}
					<if test="parent_id != 0 and parent_id != null">
					, #{parent_id}
					</if>)
	</insert>
	<delete id="deleteCategory" parameterType="egovframework.example.sample.vo.CategoryVo">
		DELETE FROM CMS.CATEGORY
			WHERE id =#{id}
	</delete>
	<select id="selectMainCategoryList" resultType="egovframework.example.sample.vo.CategoryVo">
		SELECT * FROM CMS.CATEGORY
			WHERE PARENT_ID = 0
		ORDER BY ID ASC
	</select>
	<select id="selectSubCategoryList" parameterType="Integer" resultType="egovframework.example.sample.vo.CategoryVo">
		SELECT * FROM CMS.CATEGORY
			WHERE PARENT_ID = #{main_id}
		ORDER BY ID ASC
	</select>
</mapper>