<?xml version="1.0" encoding="UTF-8"?>
<!DOCTYPE mapper PUBLIC "-//mybatis.org//DTD Mapper 3.0//EN" "http://mybatis.org/dtd/mybatis-3-mapper.dtd">
<mapper namespace="egovframework.example.sample.service.FileMapper">
	<select id="selectFile" parameterType="egovframework.example.sample.vo.FileVo" resultType="egovframework.example.sample.vo.FileVo">
		SELECT * FROM CMS.FILE
		<where>
			id = #{id}
		</where>
	</select>
	
	<insert id="addFile" parameterType="egovframework.example.sample.vo.FileVo">
		INSERT INTO CMS.FILE(
							id,
							PATH,
							NAME ) 
						VALUES (  #{id},
								#{path},
								#{name} )
							
	</insert>
	<delete id="deleteFile" parameterType="egovframework.example.sample.vo.FileVo">
		DELETE FROM CMS.FILE
			WHERE id = #{id}
	</delete>
</mapper>