<?xml version="1.0" encoding="UTF-8"?>
<!DOCTYPE mapper PUBLIC "-//mybatis.org//DTD Mapper 3.0//EN" "http://mybatis.org/dtd/mybatis-3-mapper.dtd">
<mapper namespace="egovframework.example.sample.service.ReplyMapper">
	<select id="replyList" resultType="egovframework.example.sample.vo.ReplyVo">
		SELECT * from CMS.REPLY
			WHERE BOARDNO = #{boardNo}
	</select>
	<select id="count" resultType="egovframework.example.sample.vo.ReplyVo">
		SELECT count(*) from CMS.REPLY
			WHERE BOARDNO = #{boardNo}
	</select>
	<insert id="createReply" parameterType="egovframework.example.sample.vo.ReplyVo">
		INSERT INTO CMS.REPLY (BOARDNO, DESCRIPTION, REG_USER)
			VALUES (#{boardNo}, #{description}, #{reg_user})
	</insert>
	<delete id="deleteReply" parameterType="egovframework.example.sample.vo.ReplyVo">
		DELETE FROM CMS.REPLY
			<where>
				<if test="id != null and id != 0">
					id = #{id}
				</if>
				<if test="boardNo != null and boardNo != 0">
					BOARDNO = #{boardNo}
				</if>
			</where>
	</delete>
</mapper>