<?xml version="1.0" encoding="UTF-8"?>
<!DOCTYPE mapper PUBLIC "-//mybatis.org//DTD Mapper 3.0//EN" "http://mybatis.org/dtd/mybatis-3-mapper.dtd">
<mapper namespace="egovframework.example.sample.service.UserMapper">
	<select id="login" resultType="egovframework.example.sample.vo.UserVo">
		SELECT * FROM CMS.USER
			WHERE email=#{email} AND Pwd = #{pwd}
	</select>
	<select id="findPwd" resultType="egovframework.example.sample.vo.UserVo">
		SELECT * FROM CMS.USER
			WHERE Email=#{email}
	</select>
	<insert id="signup" parameterType="egovframework.example.sample.vo.UserVo">
		INSERT INTO CMS.USER 
			( Email, Pwd, Name ) VALUES ( #{email}, #{pwd}, #{name} )
	</insert>
	<select id="userList" resultType="egovframework.example.sample.vo.UserVo">
		select * from CMS.USER
		ORDER BY ID DESC
	</select>
	<update id="updateUser" parameterType="egovframework.example.sample.vo.UserVo">
	UPDATE CMS.USER SET
		<if test="authority == null or authority == ''">	
			 Pwd = #{pwd} where Email = #{email}
		</if> 
		<if test="authority != null and authority != ''">
			AUTHORITY = #{authority} where id = #{id}
		</if>
	</update>
	<delete id="signout">
		DELETE FROM CMS.USER
			WHERE Email = #{email} and Pwd = #{pwd}
	</delete>
</mapper>